{"name":"fd1627dd-233f-41d5-9391-3e2d3d83de19","id":"/providers/Microsoft.Flow/flows/fd1627dd-233f-41d5-9391-3e2d3d83de19","type":"Microsoft.Flow/flows","properties":{"apiId":"/providers/Microsoft.PowerApps/apis/shared_logicflows","displayName":"Microsoft Form Update","definition":{"metadata":{"workflowEntityId":null,"processAdvisorMetadata":null,"flowChargedByPaygo":null,"flowclientsuspensionreason":"None","flowclientsuspensiontime":null,"flowclientsuspensionreasondetails":"","creator":{"id":"95348e33-275c-4995-919e-04210f8313e7","type":"User","tenantId":"47855545-00bb-4800-a65f-e79104ec0fc4"},"provisioningMethod":"FromDefinition","failureAlertSubscription":true,"clientLastModifiedTime":"2025-03-12T02:16:03.6899361Z","connectionKeySavedTimeKey":"2025-03-12T02:13:03.4563826Z","creationSource":"Portal","modifiedSources":"Portal"},"$schema":"https://schema.management.azure.com/providers/Microsoft.Logic/schemas/2016-06-01/workflowdefinition.json#","contentVersion":"undefined","parameters":{"$authentication":{"defaultValue":{},"type":"SecureObject"},"$connections":{"defaultValue":{},"type":"Object"}},"triggers":{"Recurrence":{"recurrence":{"frequency":"Minute","interval":"1","startTime":"2025-03-12T02:00:00.000Z","timeZone":"GMT Standard Time"},"type":"Recurrence"}},"actions":{"When_a_new_response_is_submitted":{"runAfter":{},"type":"OpenApiConnectionWebhook","inputs":{"parameters":{"form_id":"RVWFR7sAAEimX-eRBOwPxDOONJVcJ5VJkZ4EIQ-DE-dUQlI2VVFZR0I4REdSSEZUOVVFT0dBUkJLOC4u"},"host":{"apiId":"/providers/Microsoft.PowerApps/apis/shared_microsoftforms","connectionName":"shared_microsoftforms","operationId":"CreateFormWebhook"},"authentication":"@parameters('$authentication')"}},"Compose":{"runAfter":{"When_a_new_response_is_submitted":["Succeeded"]},"type":"Compose","inputs":"@body('When_a_new_response_is_submitted')"},"Parse_JSON":{"runAfter":{"Compose":["Succeeded"]},"type":"ParseJson","inputs":{"content":"@outputs('Compose')","schema":{"type":"object","properties":{"value":{"type":"array","items":{"type":"object","properties":{"webhookId":{"type":"string"},"eventType":{"type":"string"},"resourceData":{"type":"object","properties":{"formId":{"type":"string"},"responseId":{"type":"integer"}}},"eventTime":{"type":"string"}}}}}}}},"For_each":{"foreach":"@outputs('Parse_JSON')?['body']?['value']","actions":{"Condition":{"actions":{"Send_an_email_(V2)":{"type":"OpenApiConnection","inputs":{"parameters":{"emailMessage/To":"L00187735@atu.ie","emailMessage/Subject":"Close Form","emailMessage/Body":"<p class=\"editor-paragraph\">The form is filled with 20 responses.</p>","emailMessage/Importance":"Normal"},"host":{"apiId":"/providers/Microsoft.PowerApps/apis/shared_office365","connectionName":"shared_office365","operationId":"SendEmailV2"},"authentication":"@parameters('$authentication')"}}},"else":{"actions":{}},"expression":{"and":[{"greaterOrEquals":["@items('For_each')?['resourceData']?['responseId']",20]}]},"type":"If"}},"runAfter":{"Parse_JSON":["Succeeded"]},"type":"Foreach"}}},"connectionReferences":{"shared_microsoftforms":{"connectionName":"shared-microsoftform-462dabe9-b7c7-4f4b-8300-4c77ccce16e9","source":"Embedded","id":"/providers/Microsoft.PowerApps/apis/shared_microsoftforms","tier":"NotSpecified","apiName":"microsoftforms"},"shared_office365":{"connectionName":"shared-office365-b5364850-d4bb-4df8-8dbc-cae4d27ef342","source":"Embedded","id":"/providers/Microsoft.PowerApps/apis/shared_office365","tier":"NotSpecified","apiName":"office365"}},"flowFailureAlertSubscribed":false,"isManaged":false}}